{"_wandb":{"runtime":15},"_runtime":15,"loss":178.34959411621094,"_timestamp":1.7603008278162208e+09,"_step":15}