{"_timestamp":1.760300908426301e+09,"_step":64,"_wandb":{"runtime":64},"_runtime":64,"loss":116.73782348632812}