{"_timestamp":1.7603005230798292e+09,"_step":5739,"loss":134.04415893554688,"_wandb":{"runtime":336},"_runtime":336}