{"_timestamp":1.7603010841191695e+09,"_step":106,"_wandb":{"runtime":96},"_runtime":96,"loss":115.93462371826172}