{"_wandb":{"runtime":107},"_runtime":107,"loss":127.40106201171875,"_timestamp":1.7603006856160238e+09,"_step":120}