{"_timestamp":1.7603012446590998e+09,"_step":38,"loss":215.5728302001953,"_wandb":{"runtime":32},"_runtime":32}