{"_runtime":54,"loss":115.45813751220703,"_timestamp":1.7603009751039383e+09,"_step":58,"_wandb":{"runtime":54}}