{"_timestamp":1.760300747518907e+09,"_step":43,"_wandb":{"runtime":40},"_runtime":40,"loss":560.1256103515625}