{"_timestamp":1.7603011808201444e+09,"_step":94,"_wandb":{"runtime":83},"_runtime":83,"loss":5215.28125}