{"_wandb":{"runtime":21},"_runtime":21,"loss":151.06773376464844,"_timestamp":1.7603007818678331e+09,"_step":23}