{"_step":8,"loss":479.70294189453125,"_wandb":{"runtime":189},"_runtime":189,"_timestamp":1.760300133948213e+09}